firstName,lastName,email,phoneNumber,title,occupation
andres,Quadri 1,tofiq@ffd.com,9434343,SE,CEO
pepe,Quadri 2,tofiq@ffd.com,9434344,SE,CEO
pedro,Quadri 3,tofiq@ffd.com,9434345,SE,CEO
maria,Quadri 4,tofiq@ffd.com,9434346,SE,CEO
jose,Quadri 5,tofiq@ffd.com,9434347,SE,CEO
jesus,Quadri 6,tofiq@ffd.com,9434348,SE,CEO
carlos,Quadri 7,tofiq@ffd.com,9434349,SE,CEO
ramiro,Quadri 8,tofiq@ffd.com,9434350,SE,CEO
eduar,Quadri 9,tofiq@ffd.com,9434351,SE,CEO
juan,Quadri 10,tofiq@ffd.com,9434352,SE,CEO
adam,Quadri 11,tofiq@ffd.com,9434353,SE,CEO
will,Quadri 12,tofiq@ffd.com,9434354,SE,CEO
will,Quadri 13,tofiq@ffd.com,9434354,SE,CEO
will,Quadri 14,tofiq@ffd.com,9434354,SE,CEO
will,Quadri 15,tofiq@ffd.com,9434354,SE,CEO
will,Quadri 16,tofiq@ffd.com,9434354,SE,CEO